[
  {
    "Id": "213106",
    "Title": "Problems installing extension",
    "LatestDate": "2010-06-02T11:38:23.357-07:00"
  },
  {
    "Id": "220732",
    "Title": "Setup on Windows 7 DE + Office 2007/2010 does not work",
    "LatestDate": "2010-07-26T00:59:11.403-07:00"
  },
  {
    "Id": "231781",
    "Title": "Can't Install Microsoft Research Biology Extension for Excel",
    "LatestDate": "2010-10-21T06:51:49.617-07:00"
  },
  {
    "Id": "249507",
    "Title": "Bioinformatics tab not visible in Excle",
    "LatestDate": "2011-03-14T10:33:31.437-07:00"
  }
]