[
  {
    "Id": "579737",
    "ThreadId": "249507",
    "Html": "\r\n<p>Hi</p>\r\n<p>I have installed BioExcel on Windows7 x64 with Office2010. The installation had nor errors. However, I can't see the Bioinformatics tab in teh RibbonBar. I looked in teh AddIn Manger and it says that BioExcel is loaded.</p>\r\n<p>So what's wrong?</p>\r\n<p>&nbsp;</p>\r\n<p>Thanks</p>\r\n<p>Jan</p>\r\n",
    "PostedDate": "2011-03-13T12:40:38.623-07:00",
    "UserRole": null,
    "MarkedAsAnswerDate": null
  },
  {
    "Id": "580117",
    "ThreadId": "249507",
    "Html": "<p><span style=\"font-family: 'Times New Roman', serif; font-size: small;\">Hi ,</span></p>\n<div><span style=\"font-family: 'Times New Roman', serif; font-size: small;\">Thank you for showing interest in BioExcel Add-in. Please follow the below mentioned steps:</span></div>\n<div><span style=\"font-family: 'Times New Roman',serif; font-size: small;\">&nbsp;</span></div>\n<div>Step 1:</div>\n<div></div>\n<div><span style=\"font-family: 'Times New Roman',serif; font-size: small;\">1. &nbsp; &nbsp; &nbsp;Open Excel </span></div>\n<div><span style=\"font-family: 'Times New Roman',serif; font-size: small;\">2.<span style=\"white-space: pre;\">&nbsp; </span>Click on File<span style=\"font-family: Wingdings;\">&agrave;</span>Options&nbsp;<span style=\"font-family: Wingdings;\">&agrave;</span>&nbsp;Add-ins</span></div>\n<div><span style=\"font-family: 'Times New Roman',serif; font-size: small;\">3. &nbsp; &nbsp; &nbsp;Select&nbsp;&ldquo;Com add-ins&rdquo;&nbsp;&nbsp;in the&nbsp;&ldquo;Manage&rdquo;&nbsp;dropdown box which is present at left bottom corner then press &ldquo;Go&rdquo; button.</span></div>\n<div><span style=\"font-family: 'Times New Roman',serif; font-size: small;\">4. &nbsp; &nbsp; &nbsp;Now user could see &ldquo;COM Add-ins&rdquo; dialog box.&nbsp;If &ldquo;BioExcel&rdquo; entry is not checked then it won&rsquo;t display the</span></div>\n<div><span style=\"font-family: 'Times New Roman',serif; font-size: small;\">5. &nbsp; &nbsp; &nbsp;Bioinformatics tab in Excel. So please check the &ldquo;BioExcel&rdquo; entry.</span></div>\n<div><span style=\"font-family: 'Times New Roman',serif; font-size: small;\">&nbsp;</span></div>\n<div>Step 2:</div>\n<div></div>\n<div><span style=\"font-family: 'Times New Roman',serif; font-size: small;\">1. &nbsp; Click on File<span style=\"font-family: Wingdings;\">&agrave;</span>Options&nbsp;<span style=\"font-family: Wingdings;\">&agrave;</span>&nbsp;Add-ins</span></div>\n<div><span style=\"font-family: 'Times New Roman',serif; font-size: small;\">2. &nbsp; Select &ldquo;Disable Items&rdquo; from the &nbsp;&ldquo;Manage&rdquo;&nbsp;drop down box then press &ldquo;Go&rdquo; button.</span></div>\n<div><span style=\"font-family: 'Times New Roman',serif; font-size: small;\">3. &nbsp; If &ldquo;BioExcel&rdquo; entry is present in the Disabled Items dialog box select that entry and press enable button</span></div>\n<div><span style=\"font-family: 'Times New Roman',serif; font-size: small;\">&nbsp;</span></div>\n<div><span style=\"font-family: 'Times New Roman',serif; font-size: small;\"><span><span style=\"color: black;\">Regards,<br /> </span></span></span><span style=\"font-family: 'Times New Roman',serif; font-size: small;\">Support Team</span></div>\n<p>&nbsp;</p>",
    "PostedDate": "2011-03-14T10:33:31.437-07:00",
    "UserRole": null,
    "MarkedAsAnswerDate": null
  }
]