[
  {
    "Id": "510420",
    "ThreadId": "231781",
    "Html": "<p>I am on Windows 7 64bit Enterprise.</p>\r\n<p>On the Microsoft Research Biology Extension for Excel installer it says I can't continue since NodeXL is not installed.</p>\r\n<p>NodeXL is installed on my machine and useable.</p>\r\n<p>Help!</p>",
    "PostedDate": "2010-10-21T03:34:38.933-07:00",
    "UserRole": null,
    "MarkedAsAnswerDate": null
  },
  {
    "Id": "510495",
    "ThreadId": "231781",
    "Html": "<div style=\"margin:0px\"><span style=\"font-family:Times New Roman,serif;font-size:small\"><span style=\"font-size:12pt\"><span style=\"font-family:Calibri,sans-serif;color:#1f497d;font-size:x-small\"><span style=\"font-size:11pt\">Hi,</span></span></span></span></div>\r\n<div style=\"margin:0px\"><span style=\"font-family:Times New Roman,serif;font-size:small\"><span style=\"font-size:12pt\"><span style=\"font-family:Calibri,sans-serif;color:#1f497d;font-size:x-small\"><span style=\"font-size:11pt\">&nbsp;</span></span></span></span></div>\r\n<div style=\"margin:0px\"><span style=\"font-family:Times New Roman,serif;font-size:small\"><span style=\"font-size:12pt\"><span style=\"font-family:Calibri,sans-serif;color:#1f497d;font-size:x-small\"><span style=\"font-size:11pt\">Please refer to the </span></span><a href=\"http://getsatisfaction.com/mbi/topics/unable_to_install_bioexcel\"><span style=\"font-family:Calibri,sans-serif;font-size:x-small\"><span style=\"font-size:11pt\">discussion</span></span></a><span style=\"font-family:Calibri,sans-serif;color:#1f497d;font-size:x-small\"><span style=\"font-size:11pt\"> in getsatisfaction site for solution on this error. </span></span></span></span></div>\r\n<div style=\"margin:0px\"><span style=\"font-family:Times New Roman,serif;font-size:small\"><span style=\"font-size:12pt\"><span style=\"font-family:Calibri,sans-serif;color:#1f497d;font-size:x-small\"><span style=\"font-size:11pt\">&nbsp;</span></span></span></span></div>\r\n<div style=\"margin:0px\"><span style=\"font-family:Times New Roman,serif;font-size:small\"><span style=\"font-size:12pt\"><span style=\"font-family:Calibri,sans-serif;color:#1f497d;font-size:x-small\"><span style=\"font-size:11pt\">Please let us know if this solves your problem.</span></span></span></span></div>\r\n<div style=\"margin:0px\"><span style=\"font-family:Times New Roman,serif;font-size:small\"><span style=\"font-size:12pt\"><span style=\"font-family:Calibri,sans-serif;color:#1f497d;font-size:x-small\"><span style=\"font-size:11pt\">Thanks,</span></span></span></span></div>\r\n<div style=\"margin:0px\"><span style=\"font-family:Times New Roman,serif;font-size:small\"><span style=\"font-size:12pt\"><span style=\"font-family:Calibri,sans-serif;color:#1f497d;font-size:x-small\"><span style=\"font-size:11pt\">Support Team</span></span></span></span></div>",
    "PostedDate": "2010-10-21T06:51:49.617-07:00",
    "UserRole": null,
    "MarkedAsAnswerDate": null
  }
]