[
  {
    "Id": "470972",
    "ThreadId": "220732",
    "Html": "<p>Hi there...</p>\r\n<p>I have tried to install your software on a Windows 7 German Ultimate and with MS Office 2010 German and MS Office 2007 German and English also installed. However you installer tells me that Excel 2007/2010 is not installed and therefore I can not complete the setup of your software. Can you please help and tell me what I can do for getting your software work?</p>\r\n<p>Thanks and Regards</p>",
    "PostedDate": "2010-07-22T05:06:26.447-07:00",
    "UserRole": null,
    "MarkedAsAnswerDate": null
  },
  {
    "Id": "472418",
    "ThreadId": "220732",
    "Html": "<p>Hi,</p>\r\n<p>MBF has only been tested with English OS and office Installations and for that it looks in the registry under the following key:</p>\r\n<p>[Run: Type regedit]</p>\r\n<p>HKEY_CLASSES_ROOT\\Excel.Application\\CurVer to determine the Excel installation.&nbsp;</p>\r\n<p>It will help us indetify the issue if you could post the registry path to your office environment from the registry for the path listed above.</p>\r\n<p>thx, Vivek</p>",
    "PostedDate": "2010-07-25T17:19:31.433-07:00",
    "UserRole": null,
    "MarkedAsAnswerDate": null
  },
  {
    "Id": "472510",
    "ThreadId": "220732",
    "Html": "<p>Hi VivekX...</p>\r\n<p>thanks for your support. In my registry installation I have following things...</p>\r\n<p>HKEY_CLASSES_ROOT\\Excel.Application\\CurVer -&gt; Standard (=Default in German) = Excel.Application.11</p>\r\n<p>I manually changed the value in HKEY_CLASSES_ROOT\\Excel.Application\\CurVer to Excel.Application.12 and tried to install your software again and yes it works :-)</p>\r\n<p>Please note that I had installed my Excel versions in the order 2003, 2007 and then 2010. So I think the MS installer setted the registry value to 11 when installing 2003 and the other installers did not change it. I have also some other entries in the registry, which perhaps may be from interest.</p>\r\n<p>HKEY_CLASSES_ROOT\\Excel.Application\\CLSID -&gt; Default = {00024500-0000-0000-C000-000000000046}</p>\r\n<p>HKEY_CLASSES_ROOT\\Excel.Application.11\\CLSID -&gt; Default = {00024500-0000-0000-C000-000000000046}</p>\r\n<p>HKEY_CLASSES_ROOT\\Excel.Application.12\\CLSID -&gt; Default = {00024500-0000-0000-C000-000000000046}</p>\r\n<p>HKEY_CLASSES_ROOT\\Excel.Application.14\\CLSID -&gt; Default = {00024500-0000-0000-C000-000000000046}</p>\r\n<p>Thanks again and regards.</p>",
    "PostedDate": "2010-07-26T00:59:11.403-07:00",
    "UserRole": null,
    "MarkedAsAnswerDate": null
  }
]