[
  {
    "Id": "444655",
    "ThreadId": "213106",
    "Html": "<p>Hello,</p>\r\n<p>&nbsp;</p>\r\n<p>I am having trouble installing the Biology Extension. It tells me that the .NET Framework 4.0 is required. However, I already have .NET 4.0 installed. I just installed Visual Studio 2010 which includes .NET 4.0 (in fact, if I explicitly try and install .NET 4.0, I am told that I already have it). However, if I go to Server Manager, under Features, it still shows that .NET Framework 3.5 is installed. How can I make the BioExcel installer see that I already have .NET 4.0?</p>\r\n<p>&nbsp;</p>\r\n<p>Thanks,</p>\r\n<p>Dan Tenenbaum</p>\r\n<p>Institute For Systems Biology</p>\r\n<p>&nbsp;</p>",
    "PostedDate": "2010-05-18T19:01:00.917-07:00",
    "UserRole": null,
    "MarkedAsAnswerDate": null
  },
  {
    "Id": "450758",
    "ThreadId": "213106",
    "Html": "<p>Dan,</p>\r\n<p>Can you try the latest release that we posted a week back. The one you might have tried was tied with the .net 4.0 RC build.&nbsp;</p>\r\n<p>-Vivek</p>\r\n<p>&nbsp;</p>",
    "PostedDate": "2010-06-02T11:38:23.357-07:00",
    "UserRole": null,
    "MarkedAsAnswerDate": null
  }
]