{
  "WorkItem": {
    "AffectedComponent": {
      "Name": "",
      "DisplayName": ""
    },
    "ClosedComment": "",
    "ClosedDate": "2010-03-10T22:10:26.1-08:00",
    "CommentCount": 0,
    "Custom": null,
    "Description": "Select input sequence range dialog needs to have the following features.\n \n1.  Should have the options(Pieces of intervals and intervals with no overlap) listed out as a Radio button(s) instead of drop down lists.\n2.  Each of the BED operation options should have the small image which explains diffrences between two options.\n     e.g     -----\n                -   - \n3.  Should have Tooltip for each option which explains what either of them mean.\n4.    Rename Select 'Input Sequence Ranges' to Select 'Input Region'\n5.    Rename 'Reference Sequence Range' to 'Query Region'\n6.    Rename 'Query Sequence Range' to 'Query Region'\n7.     Rename each additional 'Sequence Range' to 'Query Region'\n8.  There should be a checkbox  against each of the  input region(s), column name = 'Use as Metadata' (right hand side). It should however behave as a radio-button (allowed only either 0 or 1 selection(s), clicking on 2nd checkbox should uncheck the previously selected box)",
    "LastUpdatedDate": "2017-11-27T11:33:24.56-08:00",
    "PlannedForRelease": "",
    "ReleaseVisibleToPublic": false,
    "Priority": {
      "Name": "Medium",
      "Severity": 100,
      "Id": 2
    },
    "ProjectName": "BioExcel",
    "ReportedDate": "2010-03-01T02:24:39.98-08:00",
    "Status": {
      "Name": "Closed",
      "Id": 4
    },
    "ReasonClosed": {
      "Name": "Unassigned"
    },
    "Summary": "Select input sequence range dialog should have options listed as Radio button(s) for BED operations.",
    "Type": {
      "Name": "Feature",
      "Id": 1
    },
    "VoteCount": 0,
    "Id": 6106
  },
  "FileAttachments": [],
  "Comments": [
    {
      "Message": "Moved this workItem to tfs04 server with workItem Id 10397. Hence closing this work Item.",
      "PostedDate": "2010-03-10T22:10:26.1-08:00",
      "Id": -2147483648
    },
    {
      "Message": "",
      "PostedDate": "2013-02-12T15:58:17.003-08:00",
      "Id": -2147483648
    },
    {
      "Message": "",
      "PostedDate": "2013-05-14T20:20:00.813-07:00",
      "Id": -2147483648
    },
    {
      "Message": "",
      "PostedDate": "2017-11-27T11:33:24.56-08:00",
      "Id": -2147483648
    }
  ]
}