{
  "WorkItem": {
    "AffectedComponent": {
      "Name": "",
      "DisplayName": ""
    },
    "ClosedComment": "",
    "ClosedDate": "2010-04-30T12:11:31.887-07:00",
    "CommentCount": 0,
    "Custom": null,
    "Description": "This requires customization of the Blast submission form to fit the BioHPC service.",
    "LastUpdatedDate": "2017-11-27T11:31:02.407-08:00",
    "PlannedForRelease": "",
    "ReleaseVisibleToPublic": false,
    "Priority": {
      "Name": "High",
      "Severity": 150,
      "Id": 3
    },
    "ProjectName": "BioExcel",
    "ReportedDate": "2010-04-09T13:33:01.003-07:00",
    "Status": {
      "Name": "Closed",
      "Id": 4
    },
    "ReasonClosed": {
      "Name": "Unassigned"
    },
    "Summary": "Make BioHPC BLAST web service available in BioExcel",
    "Type": {
      "Name": "Feature",
      "Id": 1
    },
    "VoteCount": 1,
    "Id": 6293
  },
  "FileAttachments": [],
  "Comments": [
    {
      "Message": "Resolved with changeset 43361.",
      "PostedDate": "2010-04-30T12:11:31.887-07:00",
      "Id": -2147483648
    },
    {
      "Message": "",
      "PostedDate": "2013-02-12T15:58:16.81-08:00",
      "Id": -2147483648
    },
    {
      "Message": "",
      "PostedDate": "2013-05-14T20:20:00.663-07:00",
      "Id": -2147483648
    },
    {
      "Message": "",
      "PostedDate": "2017-11-27T11:31:02.407-08:00",
      "Id": -2147483648
    }
  ]
}