{
  "WorkItem": {
    "AffectedComponent": {
      "Name": "",
      "DisplayName": ""
    },
    "ClosedComment": "",
    "ClosedDate": "2010-06-13T23:13:06.83-07:00",
    "CommentCount": 0,
    "Custom": null,
    "Description": "We need a batch script/command line utility which will validate dependencies and point the developer to the right place to install the pre-reqs needed to build MBF. Ideally we can re-use functionality from the binary installation components, and need to ensure we add the following components as dependencies for developers (in addition to those for the runtime installation):\n \n Sandcastle\n Wix\n nUnit\n \nCopy of MBF Work Item:10895",
    "LastUpdatedDate": "2017-11-27T11:33:13.067-08:00",
    "PlannedForRelease": "",
    "ReleaseVisibleToPublic": false,
    "Priority": {
      "Name": "High",
      "Severity": 150,
      "Id": 3
    },
    "ProjectName": "BioExcel",
    "ReportedDate": "2010-06-13T23:11:37.297-07:00",
    "Status": {
      "Name": "Closed",
      "Id": 4
    },
    "ReasonClosed": {
      "Name": "Unassigned"
    },
    "Summary": "Dependency Batch Script",
    "Type": {
      "Name": "Task",
      "Id": 2
    },
    "VoteCount": 0,
    "Id": 6862
  },
  "FileAttachments": [],
  "Comments": [
    {
      "Message": "Resolved with changeset 47155.",
      "PostedDate": "2010-06-13T23:13:06.83-07:00",
      "Id": -2147483648
    },
    {
      "Message": "Developer Pre-Requisite Validator. Checks for all the required components for MBF Excel to be installed.1. Microsoft Office (Excel).2. Visual Studio Runtime.3. WIX.",
      "PostedDate": "2010-06-13T23:14:02.587-07:00",
      "Id": -2147483648
    },
    {
      "Message": "",
      "PostedDate": "2013-02-12T15:58:16.3-08:00",
      "Id": -2147483648
    },
    {
      "Message": "",
      "PostedDate": "2013-05-14T20:20:00.197-07:00",
      "Id": -2147483648
    },
    {
      "Message": "",
      "PostedDate": "2017-11-27T11:33:13.067-08:00",
      "Id": -2147483648
    }
  ]
}