{"Name":"Custom License","Text":"Microsoft Limited Permissive License (Ms-LPL)\n\nThis license governs use of the accompanying software. If you use the software, you accept this license. If you do not accept the license, do not use the software.\n\n1. Definitions\nThe terms \u201Creproduce,\u201D \u201Creproduction,\u201D \u201Cderivative works,\u201D and \u201Cdistribution\u201D have the same meaning here as under U.S. copyright law.\nA \u201Ccontribution\u201D is the original software, or any additions or changes to the software.\nA \u201Ccontributor\u201D is any person that distributes its contribution under this license.\n\u201CLicensed patents\u201D are a contributor\u2019s patent claims that read directly on its contribution.\n\n2. Grant of Rights\n(A) Copyright Grant- Subject to the terms of this license, including the license conditions and limitations in section 3, each contributor grants you a non-exclusive, worldwide, royalty-free copyright license to reproduce its contribution, prepare derivative works of its contribution, and distribute its contribution or any derivative works that you create.\n(B) Patent Grant- Subject to the terms of this license, including the license conditions and limitations in section 3, each contributor grants you a non-exclusive, worldwide, royalty-free license under its licensed patents to make, have made, use, sell, offer for sale, import, and/or otherwise dispose of its contribution in the software or derivative works of the contribution in the software.\n\n3. Conditions and Limitations\n(A) No Trademark License- This license does not grant you rights to use any contributors\u2019 name, logo, or trademarks.\n(B) If you bring a patent claim against any contributor over patents that you claim are infringed by the software, your patent license from such contributor to the software ends automatically.\n(C) If you distribute any portion of the software, you must retain all copyright, patent, trademark, and attribution notices that are present in the software.\n(D) If you distribute any portion of the software in source code form, you may do so only under this license by including a complete copy of this license with your distribution. If you distribute any portion of the software in compiled or object code form, you may only do so under a license that complies with this license.\n(E) The software is licensed \u201Cas-is.\u201D You bear the risk of using it. The contributors give no express warranties, guarantees or conditions. You may have additional consumer rights under your local laws which this license cannot change. To the extent permitted under your local laws, the contributors exclude the implied warranties of merchantability, fitness for a particular purpose and non-infringement.\n(F) Platform Limitation- The licenses granted in sections 2(A) & 2(B) extend only to the software or derivative works that you create that run on a Microsoft Windows operating system product.","Id":35070,"ShortName":"Custom","StartDate":"\/Date(1265044949223-0800)\/"}