[
  {
    "Title": "Documentation",
    "Id": "489601",
    "ParentWikiTitle": "Documentation",
    "FileExtension": "codeplexwiki",
    "UpdatedDate": "2011-10-25T10:58:52.23-07:00",
    "FileAttachments": [
      {
        "Id": "c041c88e-d9af-4ebe-8194-468fc974de6a",
        "FileName": "MSR_Biology_Extension_User_Guide.docx",
        "DownloadUri": "./489601/c041c88e-d9af-4ebe-8194-468fc974de6a"
      },
      {
        "Id": "3b96c814-d81e-4042-bfb2-6ea119580ac3",
        "FileName": "DemocratizingResearch.pptx",
        "DownloadUri": "./489601/3b96c814-d81e-4042-bfb2-6ea119580ac3"
      }
    ]
  },
  {
    "Title": "Home",
    "Id": "489597",
    "ParentWikiTitle": "Home",
    "FileExtension": "codeplexwiki",
    "UpdatedDate": "2011-10-25T10:55:35.887-07:00",
    "FileAttachments": []
  }
]
